cluster_id,cluster_size,n_records,n_pro,n_con,first_seen,last_seen,time_span_minutes,support_n,evidence_tier,primary_explanation,secondary_explanation,score,is_low_power,caveat_flags,evidence_kinds,score_primary_driver,score_detector_breakdown,score_signal_breakdown
cluster_0001,7,14,0,14,2025-03-29T07:05:00-07:00,2025-03-31T14:54:00-07:00,3349.0,14,watch,potential_manipulation,none,0.8,True,"[""heuristic_only"", ""low_power"", ""low_support_n""]","[""heuristic""]",duplicates_near,duplicates_near (100.0%),cluster:cluster_0001:heuristic (100.0%)
cluster_0002,6,10,0,10,2025-03-27T07:25:00-07:00,2025-03-31T13:50:00-07:00,6145.0,10,watch,potential_manipulation,none,0.6357142857142857,True,"[""heuristic_only"", ""low_power"", ""low_support_n""]","[""heuristic""]",duplicates_near,duplicates_near (100.0%),cluster:cluster_0002:heuristic (100.0%)
cluster_0003,5,8,0,8,2025-03-29T07:02:00-07:00,2025-03-31T13:36:00-07:00,3274.0,8,watch,potential_manipulation,none,0.5214285714285715,True,"[""heuristic_only"", ""low_power"", ""low_support_n""]","[""heuristic""]",duplicates_near,duplicates_near (100.0%),cluster:cluster_0003:heuristic (100.0%)
cluster_0005,5,7,1,6,2025-03-27T19:29:00-07:00,2025-03-31T08:56:00-07:00,5127.0,7,watch,potential_manipulation,none,0.4964285714285715,True,"[""heuristic_only"", ""low_power"", ""low_support_n""]","[""heuristic""]",duplicates_near,duplicates_near (100.0%),cluster:cluster_0005:heuristic (100.0%)
cluster_0011,4,9,0,9,2025-03-27T09:49:00-07:00,2025-03-31T08:43:00-07:00,5694.0,9,watch,potential_manipulation,none,0.4821428571428571,True,"[""heuristic_only"", ""low_power"", ""low_support_n""]","[""heuristic""]",duplicates_near,duplicates_near (100.0%),cluster:cluster_0011:heuristic (100.0%)
cluster_0004,5,5,1,4,2025-03-30T07:13:00-07:00,2025-03-31T10:06:00-07:00,1613.0,5,watch,potential_manipulation,none,0.44642857142857145,True,"[""heuristic_only"", ""low_power"", ""low_support_n""]","[""heuristic""]",duplicates_near,duplicates_near (100.0%),cluster:cluster_0004:heuristic (100.0%)
cluster_0006,5,5,0,5,2025-03-28T15:15:00-07:00,2025-03-31T14:47:00-07:00,4292.0,5,watch,potential_manipulation,none,0.44642857142857145,True,"[""heuristic_only"", ""low_power"", ""low_support_n""]","[""heuristic""]",duplicates_near,duplicates_near (100.0%),cluster:cluster_0006:heuristic (100.0%)
cluster_0039,3,3,0,3,2025-03-31T08:09:00-07:00,2025-03-31T11:17:00-07:00,188.0,3,watch,potential_manipulation,none,0.4417460317460317,True,"[""heuristic_only"", ""low_power"", ""low_support_n""]","[""heuristic""]",duplicates_near,duplicates_near (100.0%),cluster:cluster_0039:heuristic (100.0%)
cluster_0009,4,6,0,6,2025-03-28T06:35:00-07:00,2025-03-31T11:26:00-07:00,4611.0,6,watch,potential_manipulation,none,0.40714285714285714,True,"[""heuristic_only"", ""low_power"", ""low_support_n""]","[""heuristic""]",duplicates_near,duplicates_near (100.0%),cluster:cluster_0009:heuristic (100.0%)
cluster_0012,4,6,0,6,2025-03-26T21:55:00-07:00,2025-03-31T12:49:00-07:00,6654.0,6,watch,potential_manipulation,none,0.40714285714285714,True,"[""heuristic_only"", ""low_power"", ""low_support_n""]","[""heuristic""]",duplicates_near,duplicates_near (100.0%),cluster:cluster_0012:heuristic (100.0%)
cluster_0157,2,3,0,3,2025-03-28T11:02:00-07:00,2025-03-28T11:10:00-07:00,8.0,3,watch,potential_manipulation,none,0.40246031746031746,True,"[""heuristic_only"", ""low_power"", ""low_support_n""]","[""heuristic""]",duplicates_near,duplicates_near (100.0%),cluster:cluster_0157:heuristic (100.0%)
cluster_0033,3,3,0,3,2025-03-31T05:34:00-07:00,2025-03-31T14:04:00-07:00,510.0,3,watch,potential_manipulation,none,0.3970238095238095,True,"[""heuristic_only"", ""low_power"", ""low_support_n""]","[""heuristic""]",duplicates_near,duplicates_near (100.0%),cluster:cluster_0033:heuristic (100.0%)
cluster_0207,2,3,0,3,2025-03-30T15:32:00-07:00,2025-03-30T16:34:00-07:00,62.0,3,watch,potential_manipulation,none,0.39496031746031746,True,"[""heuristic_only"", ""low_power"", ""low_support_n""]","[""heuristic""]",duplicates_near,duplicates_near (100.0%),cluster:cluster_0207:heuristic (100.0%)
cluster_0018,3,8,0,8,2025-03-27T18:00:00-07:00,2025-03-31T11:48:00-07:00,5388.0,8,watch,potential_manipulation,none,0.3928571428571428,True,"[""heuristic_only"", ""low_power"", ""low_support_n""]","[""heuristic""]",duplicates_near,duplicates_near (100.0%),cluster:cluster_0018:heuristic (100.0%)
cluster_0029,3,8,0,8,2025-03-28T14:31:00-07:00,2025-03-31T13:59:00-07:00,4288.0,8,watch,potential_manipulation,none,0.3928571428571428,True,"[""heuristic_only"", ""low_power"", ""low_support_n""]","[""heuristic""]",duplicates_near,duplicates_near (100.0%),cluster:cluster_0029:heuristic (100.0%)
cluster_0202,2,3,0,3,2025-03-31T07:56:00-07:00,2025-03-31T10:08:00-07:00,132.0,3,watch,potential_manipulation,none,0.38523809523809527,True,"[""heuristic_only"", ""low_power"", ""low_support_n""]","[""heuristic""]",duplicates_near,duplicates_near (100.0%),cluster:cluster_0202:heuristic (100.0%)
cluster_0426,2,4,0,4,2025-03-28T08:11:00-07:00,2025-03-28T13:26:00-07:00,315.0,4,watch,potential_manipulation,none,0.38482142857142854,True,"[""heuristic_only"", ""low_power"", ""low_support_n""]","[""heuristic""]",duplicates_near,duplicates_near (100.0%),cluster:cluster_0426:heuristic (100.0%)
cluster_0007,4,5,0,5,2025-03-27T23:05:00-07:00,2025-03-30T18:00:00-07:00,4015.0,5,watch,potential_manipulation,none,0.3821428571428571,True,"[""heuristic_only"", ""low_power"", ""low_support_n""]","[""heuristic""]",duplicates_near,duplicates_near (100.0%),cluster:cluster_0007:heuristic (100.0%)
cluster_0008,4,5,0,5,2025-03-27T19:16:00-07:00,2025-03-31T07:36:00-07:00,5060.0,5,watch,potential_manipulation,none,0.3821428571428571,True,"[""heuristic_only"", ""low_power"", ""low_support_n""]","[""heuristic""]",duplicates_near,duplicates_near (100.0%),cluster:cluster_0008:heuristic (100.0%)
cluster_0069,2,10,0,10,2025-03-27T09:29:00-07:00,2025-03-31T10:31:00-07:00,5822.0,10,watch,potential_manipulation,none,0.37857142857142856,True,"[""heuristic_only"", ""low_power"", ""low_support_n""]","[""heuristic""]",duplicates_near,duplicates_near (100.0%),cluster:cluster_0069:heuristic (100.0%)
cluster_0269,2,2,0,2,2025-03-31T07:56:00-07:00,2025-03-31T07:57:00-07:00,1.0,2,watch,potential_manipulation,none,0.37843253968253965,True,"[""heuristic_only"", ""low_power"", ""low_support_n""]","[""heuristic""]",duplicates_near,duplicates_near (100.0%),cluster:cluster_0269:heuristic (100.0%)
cluster_0381,2,2,0,2,2025-03-29T22:43:00-07:00,2025-03-29T22:45:00-07:00,2.0,2,watch,potential_manipulation,none,0.3782936507936508,True,"[""heuristic_only"", ""low_power"", ""low_support_n""]","[""heuristic""]",duplicates_near,duplicates_near (100.0%),cluster:cluster_0381:heuristic (100.0%)
cluster_0180,2,2,0,2,2025-03-31T12:09:00-07:00,2025-03-31T12:12:00-07:00,3.0,2,watch,potential_manipulation,none,0.3781547619047619,True,"[""heuristic_only"", ""low_power"", ""low_support_n""]","[""heuristic""]",duplicates_near,duplicates_near (100.0%),cluster:cluster_0180:heuristic (100.0%)
cluster_0341,2,2,0,2,2025-03-28T13:59:00-07:00,2025-03-28T14:02:00-07:00,3.0,2,watch,potential_manipulation,none,0.3781547619047619,True,"[""heuristic_only"", ""low_power"", ""low_support_n""]","[""heuristic""]",duplicates_near,duplicates_near (100.0%),cluster:cluster_0341:heuristic (100.0%)
cluster_0163,2,2,0,2,2025-03-30T18:19:00-07:00,2025-03-30T18:24:00-07:00,5.0,2,watch,potential_manipulation,none,0.3778769841269841,True,"[""heuristic_only"", ""low_power"", ""low_support_n""]","[""heuristic""]",duplicates_near,duplicates_near (100.0%),cluster:cluster_0163:heuristic (100.0%)
cluster_0174,2,2,0,2,2025-03-31T14:32:00-07:00,2025-03-31T14:46:00-07:00,14.0,2,watch,potential_manipulation,none,0.37662698412698414,True,"[""heuristic_only"", ""low_power"", ""low_support_n""]","[""heuristic""]",duplicates_near,duplicates_near (100.0%),cluster:cluster_0174:heuristic (100.0%)
cluster_0178,2,2,0,2,2025-03-31T08:04:00-07:00,2025-03-31T08:24:00-07:00,20.0,2,watch,potential_manipulation,none,0.3757936507936508,True,"[""heuristic_only"", ""low_power"", ""low_support_n""]","[""heuristic""]",duplicates_near,duplicates_near (100.0%),cluster:cluster_0178:heuristic (100.0%)
cluster_0466,2,2,0,2,2025-03-30T11:52:00-07:00,2025-03-30T12:12:00-07:00,20.0,2,watch,potential_manipulation,none,0.3757936507936508,True,"[""heuristic_only"", ""low_power"", ""low_support_n""]","[""heuristic""]",duplicates_near,duplicates_near (100.0%),cluster:cluster_0466:heuristic (100.0%)
cluster_0413,2,2,0,2,2025-03-31T07:54:00-07:00,2025-03-31T08:20:00-07:00,26.0,2,watch,potential_manipulation,none,0.37496031746031744,True,"[""heuristic_only"", ""low_power"", ""low_support_n""]","[""heuristic""]",duplicates_near,duplicates_near (100.0%),cluster:cluster_0413:heuristic (100.0%)
cluster_0140,2,2,0,2,2025-03-31T14:11:00-07:00,2025-03-31T14:40:00-07:00,29.0,2,watch,potential_manipulation,none,0.37454365079365076,True,"[""heuristic_only"", ""low_power"", ""low_support_n""]","[""heuristic""]",duplicates_near,duplicates_near (100.0%),cluster:cluster_0140:heuristic (100.0%)
cluster_0371,2,2,0,2,2025-03-31T07:32:00-07:00,2025-03-31T08:03:00-07:00,31.0,2,watch,potential_manipulation,none,0.374265873015873,True,"[""heuristic_only"", ""low_power"", ""low_support_n""]","[""heuristic""]",duplicates_near,duplicates_near (100.0%),cluster:cluster_0371:heuristic (100.0%)
cluster_0247,2,2,0,2,2025-03-30T23:10:00-07:00,2025-03-30T23:45:00-07:00,35.0,2,watch,potential_manipulation,none,0.37371031746031746,True,"[""heuristic_only"", ""low_power"", ""low_support_n""]","[""heuristic""]",duplicates_near,duplicates_near (100.0%),cluster:cluster_0247:heuristic (100.0%)
cluster_0090,2,2,0,2,2025-03-29T19:24:00-07:00,2025-03-29T20:02:00-07:00,38.0,2,watch,potential_manipulation,none,0.3732936507936508,True,"[""heuristic_only"", ""low_power"", ""low_support_n""]","[""heuristic""]",duplicates_near,duplicates_near (100.0%),cluster:cluster_0090:heuristic (100.0%)
cluster_0374,2,2,0,2,2025-03-31T13:16:00-07:00,2025-03-31T14:02:00-07:00,46.0,2,watch,potential_manipulation,none,0.37218253968253967,True,"[""heuristic_only"", ""low_power"", ""low_support_n""]","[""heuristic""]",duplicates_near,duplicates_near (100.0%),cluster:cluster_0374:heuristic (100.0%)
cluster_0389,2,2,0,2,2025-03-30T21:44:00-07:00,2025-03-30T22:30:00-07:00,46.0,2,watch,potential_manipulation,none,0.37218253968253967,True,"[""heuristic_only"", ""low_power"", ""low_support_n""]","[""heuristic""]",duplicates_near,duplicates_near (100.0%),cluster:cluster_0389:heuristic (100.0%)
cluster_0296,2,2,0,2,2025-03-31T13:00:00-07:00,2025-03-31T13:51:00-07:00,51.0,2,watch,potential_manipulation,none,0.37148809523809523,True,"[""heuristic_only"", ""low_power"", ""low_support_n""]","[""heuristic""]",duplicates_near,duplicates_near (100.0%),cluster:cluster_0296:heuristic (100.0%)
cluster_0336,2,2,0,2,2025-03-31T11:24:00-07:00,2025-03-31T12:33:00-07:00,69.0,2,watch,potential_manipulation,none,0.3689880952380952,True,"[""heuristic_only"", ""low_power"", ""low_support_n""]","[""heuristic""]",duplicates_near,duplicates_near (100.0%),cluster:cluster_0336:heuristic (100.0%)
cluster_0367,2,2,0,2,2025-03-31T07:44:00-07:00,2025-03-31T08:56:00-07:00,72.0,2,watch,potential_manipulation,none,0.36857142857142855,True,"[""heuristic_only"", ""low_power"", ""low_support_n""]","[""heuristic""]",duplicates_near,duplicates_near (100.0%),cluster:cluster_0367:heuristic (100.0%)
cluster_0153,2,2,0,2,2025-03-30T20:03:00-07:00,2025-03-30T21:19:00-07:00,76.0,2,watch,potential_manipulation,none,0.368015873015873,True,"[""heuristic_only"", ""low_power"", ""low_support_n""]","[""heuristic""]",duplicates_near,duplicates_near (100.0%),cluster:cluster_0153:heuristic (100.0%)
cluster_0035,3,7,1,6,2025-03-28T13:57:00-07:00,2025-03-31T05:10:00-07:00,3793.0,7,watch,potential_manipulation,none,0.3678571428571428,True,"[""heuristic_only"", ""low_power"", ""low_support_n""]","[""heuristic""]",duplicates_near,duplicates_near (100.0%),cluster:cluster_0035:heuristic (100.0%)
cluster_0044,3,7,0,7,2025-03-28T08:35:00-07:00,2025-03-31T10:10:00-07:00,4415.0,7,watch,potential_manipulation,none,0.3678571428571428,True,"[""heuristic_only"", ""low_power"", ""low_support_n""]","[""heuristic""]",duplicates_near,duplicates_near (100.0%),cluster:cluster_0044:heuristic (100.0%)
cluster_0228,2,2,0,2,2025-03-31T11:32:00-07:00,2025-03-31T12:57:00-07:00,85.0,2,watch,potential_manipulation,none,0.366765873015873,True,"[""heuristic_only"", ""low_power"", ""low_support_n""]","[""heuristic""]",duplicates_near,duplicates_near (100.0%),cluster:cluster_0228:heuristic (100.0%)
cluster_0242,2,2,0,2,2025-03-31T13:11:00-07:00,2025-03-31T14:36:00-07:00,85.0,2,watch,potential_manipulation,none,0.366765873015873,True,"[""heuristic_only"", ""low_power"", ""low_support_n""]","[""heuristic""]",duplicates_near,duplicates_near (100.0%),cluster:cluster_0242:heuristic (100.0%)
cluster_0350,2,2,0,2,2025-03-31T09:05:00-07:00,2025-03-31T10:37:00-07:00,92.0,2,watch,potential_manipulation,none,0.3657936507936508,True,"[""heuristic_only"", ""low_power"", ""low_support_n""]","[""heuristic""]",duplicates_near,duplicates_near (100.0%),cluster:cluster_0350:heuristic (100.0%)
cluster_0305,2,2,0,2,2025-03-31T12:48:00-07:00,2025-03-31T14:25:00-07:00,97.0,2,watch,potential_manipulation,none,0.36509920634920634,True,"[""heuristic_only"", ""low_power"", ""low_support_n""]","[""heuristic""]",duplicates_near,duplicates_near (100.0%),cluster:cluster_0305:heuristic (100.0%)
cluster_0098,2,3,0,3,2025-03-31T07:59:00-07:00,2025-03-31T12:37:00-07:00,278.0,3,watch,potential_manipulation,none,0.3649603174603175,True,"[""heuristic_only"", ""low_power"", ""low_support_n""]","[""heuristic""]",duplicates_near,duplicates_near (100.0%),cluster:cluster_0098:heuristic (100.0%)
cluster_0422,2,3,0,3,2025-03-30T14:07:00-07:00,2025-03-30T18:49:00-07:00,282.0,3,watch,potential_manipulation,none,0.3644047619047619,True,"[""heuristic_only"", ""low_power"", ""low_support_n""]","[""heuristic""]",duplicates_near,duplicates_near (100.0%),cluster:cluster_0422:heuristic (100.0%)
cluster_0177,2,2,0,2,2025-03-31T12:14:00-07:00,2025-03-31T13:56:00-07:00,102.0,2,watch,potential_manipulation,none,0.3644047619047619,True,"[""heuristic_only"", ""low_power"", ""low_support_n""]","[""heuristic""]",duplicates_near,duplicates_near (100.0%),cluster:cluster_0177:heuristic (100.0%)
cluster_0265,2,2,0,2,2025-03-31T13:01:00-07:00,2025-03-31T14:44:00-07:00,103.0,2,watch,potential_manipulation,none,0.364265873015873,True,"[""heuristic_only"", ""low_power"", ""low_support_n""]","[""heuristic""]",duplicates_near,duplicates_near (100.0%),cluster:cluster_0265:heuristic (100.0%)
cluster_0125,2,2,1,1,2025-03-31T11:35:00-07:00,2025-03-31T13:20:00-07:00,105.0,2,watch,potential_manipulation,none,0.3639880952380952,True,"[""heuristic_only"", ""low_power"", ""low_support_n""]","[""heuristic""]",duplicates_near,duplicates_near (100.0%),cluster:cluster_0125:heuristic (100.0%)
cluster_0332,2,2,0,2,2025-03-29T19:20:00-07:00,2025-03-29T21:07:00-07:00,107.0,2,watch,potential_manipulation,none,0.36371031746031746,True,"[""heuristic_only"", ""low_power"", ""low_support_n""]","[""heuristic""]",duplicates_near,duplicates_near (100.0%),cluster:cluster_0332:heuristic (100.0%)
cluster_0319,2,2,0,2,2025-03-30T14:24:00-07:00,2025-03-30T16:23:00-07:00,119.0,2,watch,potential_manipulation,none,0.36204365079365075,True,"[""heuristic_only"", ""low_power"", ""low_support_n""]","[""heuristic""]",duplicates_near,duplicates_near (100.0%),cluster:cluster_0319:heuristic (100.0%)
cluster_0313,2,2,0,2,2025-03-30T14:33:00-07:00,2025-03-30T16:33:00-07:00,120.0,2,watch,potential_manipulation,none,0.3619047619047619,True,"[""heuristic_only"", ""low_power"", ""low_support_n""]","[""heuristic""]",duplicates_near,duplicates_near (100.0%),cluster:cluster_0313:heuristic (100.0%)
cluster_0079,2,2,0,2,2025-03-31T12:05:00-07:00,2025-03-31T14:23:00-07:00,138.0,2,watch,potential_manipulation,none,0.3594047619047619,True,"[""heuristic_only"", ""low_power"", ""low_support_n""]","[""heuristic""]",duplicates_near,duplicates_near (100.0%),cluster:cluster_0079:heuristic (100.0%)
cluster_0036,3,3,0,3,2025-03-30T21:14:00-07:00,2025-03-31T10:25:00-07:00,791.0,3,watch,potential_manipulation,none,0.35799603174603173,True,"[""heuristic_only"", ""low_power"", ""low_support_n""]","[""heuristic""]",duplicates_near,duplicates_near (100.0%),cluster:cluster_0036:heuristic (100.0%)
cluster_0324,2,2,0,2,2025-03-30T20:01:00-07:00,2025-03-30T22:30:00-07:00,149.0,2,watch,potential_manipulation,none,0.3578769841269841,True,"[""heuristic_only"", ""low_power"", ""low_support_n""]","[""heuristic""]",duplicates_near,duplicates_near (100.0%),cluster:cluster_0324:heuristic (100.0%)
cluster_0010,4,4,0,4,2025-03-28T08:02:00-07:00,2025-03-31T11:08:00-07:00,4506.0,4,watch,potential_manipulation,none,0.3571428571428571,True,"[""heuristic_only"", ""low_power"", ""low_support_n""]","[""heuristic""]",duplicates_near,duplicates_near (100.0%),cluster:cluster_0010:heuristic (100.0%)
cluster_0366,2,2,0,2,2025-03-31T12:22:00-07:00,2025-03-31T14:57:00-07:00,155.0,2,watch,potential_manipulation,none,0.3570436507936508,True,"[""heuristic_only"", ""low_power"", ""low_support_n""]","[""heuristic""]",duplicates_near,duplicates_near (100.0%),cluster:cluster_0366:heuristic (100.0%)
cluster_0065,2,2,0,2,2025-03-30T11:46:00-07:00,2025-03-30T14:24:00-07:00,158.0,2,watch,potential_manipulation,none,0.3566269841269841,True,"[""heuristic_only"", ""low_power"", ""low_support_n""]","[""heuristic""]",duplicates_near,duplicates_near (100.0%),cluster:cluster_0065:heuristic (100.0%)
cluster_0186,2,2,0,2,2025-03-28T08:45:00-07:00,2025-03-28T11:24:00-07:00,159.0,2,watch,potential_manipulation,none,0.3564880952380952,True,"[""heuristic_only"", ""low_power"", ""low_support_n""]","[""heuristic""]",duplicates_near,duplicates_near (100.0%),cluster:cluster_0186:heuristic (100.0%)
cluster_0382,2,2,0,2,2025-03-30T10:48:00-07:00,2025-03-30T13:50:00-07:00,182.0,2,watch,potential_manipulation,none,0.35329365079365077,True,"[""heuristic_only"", ""low_power"", ""low_support_n""]","[""heuristic""]",duplicates_near,duplicates_near (100.0%),cluster:cluster_0382:heuristic (100.0%)
cluster_0254,2,2,0,2,2025-03-31T10:10:00-07:00,2025-03-31T13:18:00-07:00,188.0,2,watch,potential_manipulation,none,0.3524603174603175,True,"[""heuristic_only"", ""low_power"", ""low_support_n""]","[""heuristic""]",duplicates_near,duplicates_near (100.0%),cluster:cluster_0254:heuristic (100.0%)
cluster_0176,2,3,0,3,2025-03-31T07:45:00-07:00,2025-03-31T13:57:00-07:00,372.0,3,watch,potential_manipulation,none,0.35190476190476194,True,"[""heuristic_only"", ""low_power"", ""low_support_n""]","[""heuristic""]",duplicates_near,duplicates_near (100.0%),cluster:cluster_0176:heuristic (100.0%)
cluster_0322,2,2,0,2,2025-03-31T09:40:00-07:00,2025-03-31T12:57:00-07:00,197.0,2,watch,potential_manipulation,none,0.35121031746031744,True,"[""heuristic_only"", ""low_power"", ""low_support_n""]","[""heuristic""]",duplicates_near,duplicates_near (100.0%),cluster:cluster_0322:heuristic (100.0%)
cluster_0400,2,3,0,3,2025-03-30T13:53:00-07:00,2025-03-30T20:16:00-07:00,383.0,3,watch,potential_manipulation,none,0.35037698412698415,True,"[""heuristic_only"", ""low_power"", ""low_support_n""]","[""heuristic""]",duplicates_near,duplicates_near (100.0%),cluster:cluster_0400:heuristic (100.0%)
cluster_0280,2,2,0,2,2025-03-30T08:36:00-07:00,2025-03-30T11:59:00-07:00,203.0,2,watch,potential_manipulation,none,0.3503769841269841,True,"[""heuristic_only"", ""low_power"", ""low_support_n""]","[""heuristic""]",duplicates_near,duplicates_near (100.0%),cluster:cluster_0280:heuristic (100.0%)
cluster_0077,2,2,0,2,2025-03-31T10:17:00-07:00,2025-03-31T13:41:00-07:00,204.0,2,watch,potential_manipulation,none,0.35023809523809524,True,"[""heuristic_only"", ""low_power"", ""low_support_n""]","[""heuristic""]",duplicates_near,duplicates_near (100.0%),cluster:cluster_0077:heuristic (100.0%)
cluster_0215,2,2,0,2,2025-03-29T08:57:00-07:00,2025-03-29T12:24:00-07:00,207.0,2,watch,potential_manipulation,none,0.34982142857142856,True,"[""heuristic_only"", ""low_power"", ""low_support_n""]","[""heuristic""]",duplicates_near,duplicates_near (100.0%),cluster:cluster_0215:heuristic (100.0%)
cluster_0053,2,2,0,2,2025-03-31T08:29:00-07:00,2025-03-31T12:32:00-07:00,243.0,2,watch,potential_manipulation,none,0.34482142857142856,True,"[""heuristic_only"", ""low_power"", ""low_support_n""]","[""heuristic""]",duplicates_near,duplicates_near (100.0%),cluster:cluster_0053:heuristic (100.0%)
cluster_0046,3,4,1,3,2025-03-30T00:57:00-07:00,2025-03-30T18:44:00-07:00,1067.0,4,watch,potential_manipulation,none,0.34466269841269837,True,"[""heuristic_only"", ""low_power"", ""low_support_n""]","[""heuristic""]",duplicates_near,duplicates_near (100.0%),cluster:cluster_0046:heuristic (100.0%)
cluster_0270,2,2,0,2,2025-03-28T08:15:00-07:00,2025-03-28T12:28:00-07:00,253.0,2,watch,potential_manipulation,none,0.3434325396825397,True,"[""heuristic_only"", ""low_power"", ""low_support_n""]","[""heuristic""]",duplicates_near,duplicates_near (100.0%),cluster:cluster_0270:heuristic (100.0%)
cluster_0226,2,2,0,2,2025-03-30T15:31:00-07:00,2025-03-30T19:48:00-07:00,257.0,2,watch,potential_manipulation,none,0.3428769841269841,True,"[""heuristic_only"", ""low_power"", ""low_support_n""]","[""heuristic""]",duplicates_near,duplicates_near (100.0%),cluster:cluster_0226:heuristic (100.0%)
cluster_0015,3,6,1,5,2025-03-28T14:47:00-07:00,2025-03-31T12:58:00-07:00,4211.0,6,watch,potential_manipulation,none,0.34285714285714286,True,"[""heuristic_only"", ""low_power"", ""low_support_n""]","[""heuristic""]",duplicates_near,duplicates_near (100.0%),cluster:cluster_0015:heuristic (100.0%)
cluster_0067,2,2,1,1,2025-03-31T06:01:00-07:00,2025-03-31T10:22:00-07:00,261.0,2,watch,potential_manipulation,none,0.34232142857142855,True,"[""heuristic_only"", ""low_power"", ""low_support_n""]","[""heuristic""]",duplicates_near,duplicates_near (100.0%),cluster:cluster_0067:heuristic (100.0%)
cluster_0123,2,2,0,2,2025-03-30T12:50:00-07:00,2025-03-30T17:12:00-07:00,262.0,2,watch,potential_manipulation,none,0.34218253968253964,True,"[""heuristic_only"", ""low_power"", ""low_support_n""]","[""heuristic""]",duplicates_near,duplicates_near (100.0%),cluster:cluster_0123:heuristic (100.0%)
cluster_0465,2,2,0,2,2025-03-30T15:03:00-07:00,2025-03-30T19:26:00-07:00,263.0,2,watch,potential_manipulation,none,0.3420436507936508,True,"[""heuristic_only"", ""low_power"", ""low_support_n""]","[""heuristic""]",duplicates_near,duplicates_near (100.0%),cluster:cluster_0465:heuristic (100.0%)
cluster_0022,3,3,0,3,2025-03-30T19:11:00-07:00,2025-03-31T10:21:00-07:00,910.0,3,watch,potential_manipulation,none,0.341468253968254,True,"[""heuristic_only"", ""low_power"", ""low_support_n""]","[""heuristic""]",duplicates_near,duplicates_near (100.0%),cluster:cluster_0022:heuristic (100.0%)
cluster_0282,2,3,0,3,2025-03-31T06:58:00-07:00,2025-03-31T14:30:00-07:00,452.0,3,watch,potential_manipulation,none,0.34079365079365076,True,"[""heuristic_only"", ""low_power"", ""low_support_n""]","[""heuristic""]",duplicates_near,duplicates_near (100.0%),cluster:cluster_0282:heuristic (100.0%)
cluster_0360,2,2,0,2,2025-03-31T07:45:00-07:00,2025-03-31T12:18:00-07:00,273.0,2,watch,potential_manipulation,none,0.3406547619047619,True,"[""heuristic_only"", ""low_power"", ""low_support_n""]","[""heuristic""]",duplicates_near,duplicates_near (100.0%),cluster:cluster_0360:heuristic (100.0%)
cluster_0230,2,2,0,2,2025-03-31T09:18:00-07:00,2025-03-31T14:41:00-07:00,323.0,2,watch,potential_manipulation,none,0.33371031746031743,True,"[""heuristic_only"", ""low_power"", ""low_support_n""]","[""heuristic""]",duplicates_near,duplicates_near (100.0%),cluster:cluster_0230:heuristic (100.0%)
cluster_0346,2,2,0,2,2025-03-31T08:53:00-07:00,2025-03-31T14:24:00-07:00,331.0,2,watch,potential_manipulation,none,0.33259920634920637,True,"[""heuristic_only"", ""low_power"", ""low_support_n""]","[""heuristic""]",duplicates_near,duplicates_near (100.0%),cluster:cluster_0346:heuristic (100.0%)
cluster_0303,2,2,0,2,2025-03-31T08:33:00-07:00,2025-03-31T14:09:00-07:00,336.0,2,watch,potential_manipulation,none,0.33190476190476187,True,"[""heuristic_only"", ""low_power"", ""low_support_n""]","[""heuristic""]",duplicates_near,duplicates_near (100.0%),cluster:cluster_0303:heuristic (100.0%)
cluster_0288,2,2,0,2,2025-03-28T09:04:00-07:00,2025-03-28T14:42:00-07:00,338.0,2,watch,potential_manipulation,none,0.3316269841269841,True,"[""heuristic_only"", ""low_power"", ""low_support_n""]","[""heuristic""]",duplicates_near,duplicates_near (100.0%),cluster:cluster_0288:heuristic (100.0%)
cluster_0187,2,2,0,2,2025-03-31T08:59:00-07:00,2025-03-31T14:39:00-07:00,340.0,2,watch,potential_manipulation,none,0.33134920634920634,True,"[""heuristic_only"", ""low_power"", ""low_support_n""]","[""heuristic""]",duplicates_near,duplicates_near (100.0%),cluster:cluster_0187:heuristic (100.0%)
cluster_0311,2,2,0,2,2025-03-31T04:15:00-07:00,2025-03-31T10:03:00-07:00,348.0,2,watch,potential_manipulation,none,0.3302380952380952,True,"[""heuristic_only"", ""low_power"", ""low_support_n""]","[""heuristic""]",duplicates_near,duplicates_near (100.0%),cluster:cluster_0311:heuristic (100.0%)
cluster_0425,2,2,0,2,2025-03-28T12:52:00-07:00,2025-03-28T18:42:00-07:00,350.0,2,watch,potential_manipulation,none,0.32996031746031745,True,"[""heuristic_only"", ""low_power"", ""low_support_n""]","[""heuristic""]",duplicates_near,duplicates_near (100.0%),cluster:cluster_0425:heuristic (100.0%)
cluster_0124,2,8,0,8,2025-03-27T08:07:00-07:00,2025-03-31T14:36:00-07:00,6149.0,8,watch,potential_manipulation,none,0.3285714285714285,True,"[""heuristic_only"", ""low_power"", ""low_support_n""]","[""heuristic""]",duplicates_near,duplicates_near (100.0%),cluster:cluster_0124:heuristic (100.0%)
cluster_0274,2,2,0,2,2025-03-28T09:14:00-07:00,2025-03-28T15:16:00-07:00,362.0,2,watch,potential_manipulation,none,0.3282936507936508,True,"[""heuristic_only"", ""low_power"", ""low_support_n""]","[""heuristic""]",duplicates_near,duplicates_near (100.0%),cluster:cluster_0274:heuristic (100.0%)
cluster_0419,2,2,0,2,2025-03-31T08:27:00-07:00,2025-03-31T14:36:00-07:00,369.0,2,watch,potential_manipulation,none,0.32732142857142854,True,"[""heuristic_only"", ""low_power"", ""low_support_n""]","[""heuristic""]",duplicates_near,duplicates_near (100.0%),cluster:cluster_0419:heuristic (100.0%)
cluster_0436,2,2,0,2,2025-03-31T04:10:00-07:00,2025-03-31T10:28:00-07:00,378.0,2,watch,potential_manipulation,none,0.32607142857142857,True,"[""heuristic_only"", ""low_power"", ""low_support_n""]","[""heuristic""]",duplicates_near,duplicates_near (100.0%),cluster:cluster_0436:heuristic (100.0%)
cluster_0253,2,2,0,2,2025-03-31T07:11:00-07:00,2025-03-31T13:34:00-07:00,383.0,2,watch,potential_manipulation,none,0.3253769841269841,True,"[""heuristic_only"", ""low_power"", ""low_support_n""]","[""heuristic""]",duplicates_near,duplicates_near (100.0%),cluster:cluster_0253:heuristic (100.0%)
cluster_0358,2,2,0,2,2025-03-29T14:13:00-07:00,2025-03-29T20:42:00-07:00,389.0,2,watch,potential_manipulation,none,0.3245436507936508,True,"[""heuristic_only"", ""low_power"", ""low_support_n""]","[""heuristic""]",duplicates_near,duplicates_near (100.0%),cluster:cluster_0358:heuristic (100.0%)
cluster_0137,2,2,1,1,2025-03-31T06:58:00-07:00,2025-03-31T13:29:00-07:00,391.0,2,watch,potential_manipulation,none,0.32426587301587295,True,"[""heuristic_only"", ""low_power"", ""low_support_n""]","[""heuristic""]",duplicates_near,duplicates_near (100.0%),cluster:cluster_0137:heuristic (100.0%)
cluster_0132,2,2,0,2,2025-03-30T11:58:00-07:00,2025-03-30T18:49:00-07:00,411.0,2,watch,potential_manipulation,none,0.3214880952380952,True,"[""heuristic_only"", ""low_power"", ""low_support_n""]","[""heuristic""]",duplicates_near,duplicates_near (100.0%),cluster:cluster_0132:heuristic (100.0%)
cluster_0312,2,2,0,2,2025-03-31T07:34:00-07:00,2025-03-31T14:37:00-07:00,423.0,2,watch,potential_manipulation,none,0.3198214285714286,True,"[""heuristic_only"", ""low_power"", ""low_support_n""]","[""heuristic""]",duplicates_near,duplicates_near (100.0%),cluster:cluster_0312:heuristic (100.0%)
cluster_0354,2,2,0,2,2025-03-29T06:44:00-07:00,2025-03-29T13:48:00-07:00,424.0,2,watch,potential_manipulation,none,0.3196825396825397,True,"[""heuristic_only"", ""low_power"", ""low_support_n""]","[""heuristic""]",duplicates_near,duplicates_near (100.0%),cluster:cluster_0354:heuristic (100.0%)
cluster_0047,3,5,0,5,2025-03-30T08:42:00-07:00,2025-03-31T08:31:00-07:00,1429.0,5,watch,potential_manipulation,none,0.31938492063492063,True,"[""heuristic_only"", ""low_power"", ""low_support_n""]","[""heuristic""]",duplicates_near,duplicates_near (100.0%),cluster:cluster_0047:heuristic (100.0%)
cluster_0154,2,2,0,2,2025-03-31T07:43:00-07:00,2025-03-31T14:52:00-07:00,429.0,2,watch,potential_manipulation,none,0.31898809523809524,True,"[""heuristic_only"", ""low_power"", ""low_support_n""]","[""heuristic""]",duplicates_near,duplicates_near (100.0%),cluster:cluster_0154:heuristic (100.0%)
cluster_0013,3,5,0,5,2025-03-29T19:14:00-07:00,2025-03-31T14:49:00-07:00,2615.0,5,watch,potential_manipulation,none,0.31785714285714284,True,"[""heuristic_only"", ""low_power"", ""low_support_n""]","[""heuristic""]",duplicates_near,duplicates_near (100.0%),cluster:cluster_0013:heuristic (100.0%)
cluster_0037,3,5,0,5,2025-03-29T11:34:00-07:00,2025-03-31T12:13:00-07:00,2919.0,5,watch,potential_manipulation,none,0.31785714285714284,True,"[""heuristic_only"", ""low_power"", ""low_support_n""]","[""heuristic""]",duplicates_near,duplicates_near (100.0%),cluster:cluster_0037:heuristic (100.0%)
cluster_0041,3,5,2,3,2025-03-29T09:44:00-07:00,2025-03-31T09:08:00-07:00,2844.0,5,watch,potential_manipulation,none,0.31785714285714284,True,"[""heuristic_only"", ""low_power"", ""low_support_n""]","[""heuristic""]",duplicates_near,duplicates_near (100.0%),cluster:cluster_0041:heuristic (100.0%)
cluster_0086,2,2,0,2,2025-03-30T11:02:00-07:00,2025-03-30T18:27:00-07:00,445.0,2,watch,potential_manipulation,none,0.316765873015873,True,"[""heuristic_only"", ""low_power"", ""low_support_n""]","[""heuristic""]",duplicates_near,duplicates_near (100.0%),cluster:cluster_0086:heuristic (100.0%)
cluster_0191,2,2,0,2,2025-03-31T06:18:00-07:00,2025-03-31T13:51:00-07:00,453.0,2,watch,potential_manipulation,none,0.3156547619047619,True,"[""heuristic_only"", ""low_power"", ""low_support_n""]","[""heuristic""]",duplicates_near,duplicates_near (100.0%),cluster:cluster_0191:heuristic (100.0%)
cluster_0211,2,2,0,2,2025-03-30T22:53:00-07:00,2025-03-31T06:36:00-07:00,463.0,2,watch,potential_manipulation,none,0.31426587301587294,True,"[""heuristic_only"", ""low_power"", ""low_support_n""]","[""heuristic""]",duplicates_near,duplicates_near (100.0%),cluster:cluster_0211:heuristic (100.0%)
cluster_0133,2,2,0,2,2025-03-31T00:43:00-07:00,2025-03-31T08:39:00-07:00,476.0,2,watch,potential_manipulation,none,0.31246031746031744,True,"[""heuristic_only"", ""low_power"", ""low_support_n""]","[""heuristic""]",duplicates_near,duplicates_near (100.0%),cluster:cluster_0133:heuristic (100.0%)
cluster_0249,2,2,0,2,2025-03-30T09:18:00-07:00,2025-03-30T17:29:00-07:00,491.0,2,watch,potential_manipulation,none,0.3103769841269841,True,"[""heuristic_only"", ""low_power"", ""low_support_n""]","[""heuristic""]",duplicates_near,duplicates_near (100.0%),cluster:cluster_0249:heuristic (100.0%)
cluster_0198,2,2,0,2,2025-03-31T05:24:00-07:00,2025-03-31T13:49:00-07:00,505.0,2,watch,potential_manipulation,none,0.3084325396825397,True,"[""heuristic_only"", ""low_power"", ""low_support_n""]","[""heuristic""]",duplicates_near,duplicates_near (100.0%),cluster:cluster_0198:heuristic (100.0%)
cluster_0081,2,2,0,2,2025-03-29T11:00:00-07:00,2025-03-29T19:45:00-07:00,525.0,2,watch,potential_manipulation,none,0.30565476190476193,True,"[""heuristic_only"", ""low_power"", ""low_support_n""]","[""heuristic""]",duplicates_near,duplicates_near (100.0%),cluster:cluster_0081:heuristic (100.0%)
cluster_0155,2,2,0,2,2025-03-30T16:21:00-07:00,2025-03-31T01:10:00-07:00,529.0,2,watch,potential_manipulation,none,0.3050992063492063,True,"[""heuristic_only"", ""low_power"", ""low_support_n""]","[""heuristic""]",duplicates_near,duplicates_near (100.0%),cluster:cluster_0155:heuristic (100.0%)
cluster_0391,2,2,0,2,2025-03-29T07:31:00-07:00,2025-03-29T16:22:00-07:00,531.0,2,watch,potential_manipulation,none,0.3048214285714286,True,"[""heuristic_only"", ""low_power"", ""low_support_n""]","[""heuristic""]",duplicates_near,duplicates_near (100.0%),cluster:cluster_0391:heuristic (100.0%)
cluster_0320,2,2,0,2,2025-03-30T07:21:00-07:00,2025-03-30T16:15:00-07:00,534.0,2,watch,potential_manipulation,none,0.30440476190476184,True,"[""heuristic_only"", ""low_power"", ""low_support_n""]","[""heuristic""]",duplicates_near,duplicates_near (100.0%),cluster:cluster_0320:heuristic (100.0%)
cluster_0423,2,2,1,1,2025-03-31T01:46:00-07:00,2025-03-31T10:40:00-07:00,534.0,2,watch,potential_manipulation,none,0.30440476190476184,True,"[""heuristic_only"", ""low_power"", ""low_support_n""]","[""heuristic""]",duplicates_near,duplicates_near (100.0%),cluster:cluster_0423:heuristic (100.0%)
cluster_0396,2,2,1,1,2025-03-28T08:59:00-07:00,2025-03-28T17:54:00-07:00,535.0,2,watch,potential_manipulation,none,0.304265873015873,True,"[""heuristic_only"", ""low_power"", ""low_support_n""]","[""heuristic""]",duplicates_near,duplicates_near (100.0%),cluster:cluster_0396:heuristic (100.0%)
cluster_0042,3,3,0,3,2025-03-30T18:10:00-07:00,2025-03-31T13:52:00-07:00,1182.0,3,watch,potential_manipulation,none,0.3036904761904762,True,"[""heuristic_only"", ""low_power"", ""low_support_n""]","[""heuristic""]",duplicates_near,duplicates_near (100.0%),cluster:cluster_0042:heuristic (100.0%)
cluster_0300,2,7,0,7,2025-03-28T09:49:00-07:00,2025-03-31T13:10:00-07:00,4521.0,7,watch,potential_manipulation,none,0.30357142857142855,True,"[""heuristic_only"", ""low_power"", ""low_support_n""]","[""heuristic""]",duplicates_near,duplicates_near (100.0%),cluster:cluster_0300:heuristic (100.0%)
cluster_0411,2,3,0,3,2025-03-30T07:37:00-07:00,2025-03-30T19:58:00-07:00,741.0,3,watch,potential_manipulation,none,0.3006547619047619,True,"[""heuristic_only"", ""low_power"", ""low_support_n""]","[""heuristic""]",duplicates_near,duplicates_near (100.0%),cluster:cluster_0411:heuristic (100.0%)
cluster_0335,2,2,0,2,2025-03-30T01:31:00-07:00,2025-03-30T10:55:00-07:00,564.0,2,watch,potential_manipulation,none,0.30023809523809525,True,"[""heuristic_only"", ""low_power"", ""low_support_n""]","[""heuristic""]",duplicates_near,duplicates_near (100.0%),cluster:cluster_0335:heuristic (100.0%)
cluster_0181,2,3,1,2,2025-03-30T21:06:00-07:00,2025-03-31T09:36:00-07:00,750.0,3,watch,potential_manipulation,none,0.2994047619047619,True,"[""heuristic_only"", ""low_power"", ""low_support_n""]","[""heuristic""]",duplicates_near,duplicates_near (100.0%),cluster:cluster_0181:heuristic (100.0%)
cluster_0421,2,2,0,2,2025-03-28T21:33:00-07:00,2025-03-29T07:12:00-07:00,579.0,2,watch,potential_manipulation,none,0.29815476190476187,True,"[""heuristic_only"", ""low_power"", ""low_support_n""]","[""heuristic""]",duplicates_near,duplicates_near (100.0%),cluster:cluster_0421:heuristic (100.0%)
cluster_0295,2,2,0,2,2025-03-30T15:20:00-07:00,2025-03-31T01:36:00-07:00,616.0,2,watch,potential_manipulation,none,0.293015873015873,True,"[""heuristic_only"", ""low_power"", ""low_support_n""]","[""heuristic""]",duplicates_near,duplicates_near (100.0%),cluster:cluster_0295:heuristic (100.0%)
cluster_0014,3,4,0,4,2025-03-26T20:22:00-07:00,2025-03-29T17:40:00-07:00,4158.0,4,watch,potential_manipulation,none,0.2928571428571428,True,"[""heuristic_only"", ""low_power"", ""low_support_n""]","[""heuristic""]",duplicates_near,duplicates_near (100.0%),cluster:cluster_0014:heuristic (100.0%)
cluster_0017,3,4,0,4,2025-03-30T10:38:00-07:00,2025-03-31T14:59:00-07:00,1701.0,4,watch,potential_manipulation,none,0.2928571428571428,True,"[""heuristic_only"", ""low_power"", ""low_support_n""]","[""heuristic""]",duplicates_near,duplicates_near (100.0%),cluster:cluster_0017:heuristic (100.0%)
cluster_0019,3,4,0,4,2025-03-27T20:40:00-07:00,2025-03-30T18:31:00-07:00,4191.0,4,watch,potential_manipulation,none,0.2928571428571428,True,"[""heuristic_only"", ""low_power"", ""low_support_n""]","[""heuristic""]",duplicates_near,duplicates_near (100.0%),cluster:cluster_0019:heuristic (100.0%)
cluster_0020,3,4,0,4,2025-03-27T05:03:00-07:00,2025-03-31T14:55:00-07:00,6352.0,4,watch,potential_manipulation,none,0.2928571428571428,True,"[""heuristic_only"", ""low_power"", ""low_support_n""]","[""heuristic""]",duplicates_near,duplicates_near (100.0%),cluster:cluster_0020:heuristic (100.0%)
cluster_0026,3,4,1,3,2025-03-28T19:38:00-07:00,2025-03-31T13:41:00-07:00,3963.0,4,watch,potential_manipulation,none,0.2928571428571428,True,"[""heuristic_only"", ""low_power"", ""low_support_n""]","[""heuristic""]",duplicates_near,duplicates_near (100.0%),cluster:cluster_0026:heuristic (100.0%)
cluster_0027,3,4,0,4,2025-03-28T11:11:00-07:00,2025-03-31T02:32:00-07:00,3801.0,4,watch,potential_manipulation,none,0.2928571428571428,True,"[""heuristic_only"", ""low_power"", ""low_support_n""]","[""heuristic""]",duplicates_near,duplicates_near (100.0%),cluster:cluster_0027:heuristic (100.0%)
cluster_0031,3,4,0,4,2025-03-28T10:56:00-07:00,2025-03-31T05:38:00-07:00,4002.0,4,watch,potential_manipulation,none,0.2928571428571428,True,"[""heuristic_only"", ""low_power"", ""low_support_n""]","[""heuristic""]",duplicates_near,duplicates_near (100.0%),cluster:cluster_0031:heuristic (100.0%)
cluster_0034,3,4,0,4,2025-03-28T22:11:00-07:00,2025-03-31T13:04:00-07:00,3773.0,4,watch,potential_manipulation,none,0.2928571428571428,True,"[""heuristic_only"", ""low_power"", ""low_support_n""]","[""heuristic""]",duplicates_near,duplicates_near (100.0%),cluster:cluster_0034:heuristic (100.0%)
cluster_0038,3,4,0,4,2025-03-28T10:33:00-07:00,2025-03-31T13:10:00-07:00,4477.0,4,watch,potential_manipulation,none,0.2928571428571428,True,"[""heuristic_only"", ""low_power"", ""low_support_n""]","[""heuristic""]",duplicates_near,duplicates_near (100.0%),cluster:cluster_0038:heuristic (100.0%)
cluster_0045,3,4,0,4,2025-03-26T19:05:00-07:00,2025-03-30T15:09:00-07:00,5524.0,4,watch,potential_manipulation,none,0.2928571428571428,True,"[""heuristic_only"", ""low_power"", ""low_support_n""]","[""heuristic""]",duplicates_near,duplicates_near (100.0%),cluster:cluster_0045:heuristic (100.0%)
cluster_0402,2,3,0,3,2025-03-29T07:01:00-07:00,2025-03-29T20:24:00-07:00,803.0,3,watch,potential_manipulation,none,0.2920436507936508,True,"[""heuristic_only"", ""low_power"", ""low_support_n""]","[""heuristic""]",duplicates_near,duplicates_near (100.0%),cluster:cluster_0402:heuristic (100.0%)
cluster_0173,2,3,0,3,2025-03-28T06:17:00-07:00,2025-03-28T20:10:00-07:00,833.0,3,watch,potential_manipulation,none,0.28787698412698415,True,"[""heuristic_only"", ""low_power"", ""low_support_n""]","[""heuristic""]",duplicates_near,duplicates_near (100.0%),cluster:cluster_0173:heuristic (100.0%)
cluster_0443,2,2,0,2,2025-03-30T21:28:00-07:00,2025-03-31T08:29:00-07:00,661.0,2,watch,potential_manipulation,none,0.286765873015873,True,"[""heuristic_only"", ""low_power"", ""low_support_n""]","[""heuristic""]",duplicates_near,duplicates_near (100.0%),cluster:cluster_0443:heuristic (100.0%)
cluster_0185,2,2,0,2,2025-03-30T23:43:00-07:00,2025-03-31T10:55:00-07:00,672.0,2,watch,potential_manipulation,none,0.28523809523809524,True,"[""heuristic_only"", ""low_power"", ""low_support_n""]","[""heuristic""]",duplicates_near,duplicates_near (100.0%),cluster:cluster_0185:heuristic (100.0%)
cluster_0441,2,3,0,3,2025-03-30T22:03:00-07:00,2025-03-31T12:30:00-07:00,867.0,3,watch,potential_manipulation,none,0.2831547619047619,True,"[""heuristic_only"", ""low_power"", ""low_support_n""]","[""heuristic""]",duplicates_near,duplicates_near (100.0%),cluster:cluster_0441:heuristic (100.0%)
cluster_0452,2,2,0,2,2025-03-30T20:53:00-07:00,2025-03-31T08:38:00-07:00,705.0,2,watch,potential_manipulation,none,0.2806547619047619,True,"[""heuristic_only"", ""low_power"", ""low_support_n""]","[""heuristic""]",duplicates_near,duplicates_near (100.0%),cluster:cluster_0452:heuristic (100.0%)
cluster_0112,2,6,0,6,2025-03-28T13:58:00-07:00,2025-03-30T19:39:00-07:00,3221.0,6,watch,potential_manipulation,none,0.2785714285714286,True,"[""heuristic_only"", ""low_power"", ""low_support_n""]","[""heuristic""]",duplicates_near,duplicates_near (100.0%),cluster:cluster_0112:heuristic (100.0%)
cluster_0244,2,6,0,6,2025-03-29T13:48:00-07:00,2025-03-31T05:39:00-07:00,2391.0,6,watch,potential_manipulation,none,0.2785714285714286,True,"[""heuristic_only"", ""low_power"", ""low_support_n""]","[""heuristic""]",duplicates_near,duplicates_near (100.0%),cluster:cluster_0244:heuristic (100.0%)
cluster_0418,2,6,0,6,2025-03-28T07:55:00-07:00,2025-03-31T11:17:00-07:00,4522.0,6,watch,potential_manipulation,none,0.2785714285714286,True,"[""heuristic_only"", ""low_power"", ""low_support_n""]","[""heuristic""]",duplicates_near,duplicates_near (100.0%),cluster:cluster_0418:heuristic (100.0%)
cluster_0473,2,6,0,6,2025-03-28T16:05:00-07:00,2025-03-31T14:55:00-07:00,4250.0,6,watch,potential_manipulation,none,0.2785714285714286,True,"[""heuristic_only"", ""low_power"", ""low_support_n""]","[""heuristic""]",duplicates_near,duplicates_near (100.0%),cluster:cluster_0473:heuristic (100.0%)
cluster_0201,2,2,1,1,2025-03-28T19:10:00-07:00,2025-03-29T07:17:00-07:00,727.0,2,watch,potential_manipulation,none,0.2775992063492063,True,"[""heuristic_only"", ""low_power"", ""low_support_n""]","[""heuristic""]",duplicates_near,duplicates_near (100.0%),cluster:cluster_0201:heuristic (100.0%)
cluster_0084,2,2,0,2,2025-03-27T20:31:00-07:00,2025-03-28T08:50:00-07:00,739.0,2,watch,potential_manipulation,none,0.27593253968253967,True,"[""heuristic_only"", ""low_power"", ""low_support_n""]","[""heuristic""]",duplicates_near,duplicates_near (100.0%),cluster:cluster_0084:heuristic (100.0%)
cluster_0323,2,2,0,2,2025-03-30T20:30:00-07:00,2025-03-31T08:51:00-07:00,741.0,2,watch,potential_manipulation,none,0.2756547619047619,True,"[""heuristic_only"", ""low_power"", ""low_support_n""]","[""heuristic""]",duplicates_near,duplicates_near (100.0%),cluster:cluster_0323:heuristic (100.0%)
cluster_0457,2,2,0,2,2025-03-30T21:41:00-07:00,2025-03-31T10:02:00-07:00,741.0,2,watch,potential_manipulation,none,0.2756547619047619,True,"[""heuristic_only"", ""low_power"", ""low_support_n""]","[""heuristic""]",duplicates_near,duplicates_near (100.0%),cluster:cluster_0457:heuristic (100.0%)
cluster_0378,2,2,0,2,2025-03-29T20:00:00-07:00,2025-03-30T08:33:00-07:00,753.0,2,watch,potential_manipulation,none,0.2739880952380952,True,"[""heuristic_only"", ""low_power"", ""low_support_n""]","[""heuristic""]",duplicates_near,duplicates_near (100.0%),cluster:cluster_0378:heuristic (100.0%)
cluster_0118,2,2,0,2,2025-03-30T21:57:00-07:00,2025-03-31T10:53:00-07:00,776.0,2,watch,potential_manipulation,none,0.2707936507936508,True,"[""heuristic_only"", ""low_power"", ""low_support_n""]","[""heuristic""]",duplicates_near,duplicates_near (100.0%),cluster:cluster_0118:heuristic (100.0%)
cluster_0250,2,2,0,2,2025-03-30T18:39:00-07:00,2025-03-31T07:42:00-07:00,783.0,2,watch,potential_manipulation,none,0.26982142857142855,True,"[""heuristic_only"", ""low_power"", ""low_support_n""]","[""heuristic""]",duplicates_near,duplicates_near (100.0%),cluster:cluster_0250:heuristic (100.0%)
cluster_0016,3,3,1,2,2025-03-29T20:17:00-07:00,2025-03-31T12:56:00-07:00,2439.0,3,watch,potential_manipulation,none,0.26785714285714285,True,"[""heuristic_only"", ""low_power"", ""low_support_n""]","[""heuristic""]",duplicates_near,duplicates_near (100.0%),cluster:cluster_0016:heuristic (100.0%)
cluster_0021,3,3,0,3,2025-03-29T18:40:00-07:00,2025-03-31T07:37:00-07:00,2217.0,3,watch,potential_manipulation,none,0.26785714285714285,True,"[""heuristic_only"", ""low_power"", ""low_support_n""]","[""heuristic""]",duplicates_near,duplicates_near (100.0%),cluster:cluster_0021:heuristic (100.0%)
cluster_0023,3,3,0,3,2025-03-28T17:01:00-07:00,2025-03-31T10:22:00-07:00,3921.0,3,watch,potential_manipulation,none,0.26785714285714285,True,"[""heuristic_only"", ""low_power"", ""low_support_n""]","[""heuristic""]",duplicates_near,duplicates_near (100.0%),cluster:cluster_0023:heuristic (100.0%)
cluster_0024,3,3,1,2,2025-03-28T19:09:00-07:00,2025-03-30T11:41:00-07:00,2432.0,3,watch,potential_manipulation,none,0.26785714285714285,True,"[""heuristic_only"", ""low_power"", ""low_support_n""]","[""heuristic""]",duplicates_near,duplicates_near (100.0%),cluster:cluster_0024:heuristic (100.0%)
cluster_0025,3,3,0,3,2025-03-29T06:59:00-07:00,2025-03-31T12:05:00-07:00,3186.0,3,watch,potential_manipulation,none,0.26785714285714285,True,"[""heuristic_only"", ""low_power"", ""low_support_n""]","[""heuristic""]",duplicates_near,duplicates_near (100.0%),cluster:cluster_0025:heuristic (100.0%)
cluster_0028,3,3,0,3,2025-03-28T08:23:00-07:00,2025-03-31T10:55:00-07:00,4472.0,3,watch,potential_manipulation,none,0.26785714285714285,True,"[""heuristic_only"", ""low_power"", ""low_support_n""]","[""heuristic""]",duplicates_near,duplicates_near (100.0%),cluster:cluster_0028:heuristic (100.0%)
cluster_0030,3,3,0,3,2025-03-30T07:18:00-07:00,2025-03-31T12:08:00-07:00,1730.0,3,watch,potential_manipulation,none,0.26785714285714285,True,"[""heuristic_only"", ""low_power"", ""low_support_n""]","[""heuristic""]",duplicates_near,duplicates_near (100.0%),cluster:cluster_0030:heuristic (100.0%)
cluster_0032,3,3,1,2,2025-03-27T16:09:00-07:00,2025-03-31T11:39:00-07:00,5490.0,3,watch,potential_manipulation,none,0.26785714285714285,True,"[""heuristic_only"", ""low_power"", ""low_support_n""]","[""heuristic""]",duplicates_near,duplicates_near (100.0%),cluster:cluster_0032:heuristic (100.0%)
cluster_0040,3,3,0,3,2025-03-28T11:25:00-07:00,2025-03-31T13:16:00-07:00,4431.0,3,watch,potential_manipulation,none,0.26785714285714285,True,"[""heuristic_only"", ""low_power"", ""low_support_n""]","[""heuristic""]",duplicates_near,duplicates_near (100.0%),cluster:cluster_0040:heuristic (100.0%)
cluster_0043,3,3,0,3,2025-03-28T11:26:00-07:00,2025-03-31T11:34:00-07:00,4328.0,3,watch,potential_manipulation,none,0.26785714285714285,True,"[""heuristic_only"", ""low_power"", ""low_support_n""]","[""heuristic""]",duplicates_near,duplicates_near (100.0%),cluster:cluster_0043:heuristic (100.0%)
cluster_0048,3,3,0,3,2025-03-27T20:42:00-07:00,2025-03-31T09:57:00-07:00,5115.0,3,watch,potential_manipulation,none,0.26785714285714285,True,"[""heuristic_only"", ""low_power"", ""low_support_n""]","[""heuristic""]",duplicates_near,duplicates_near (100.0%),cluster:cluster_0048:heuristic (100.0%)
cluster_0049,3,3,0,3,2025-03-28T12:07:00-07:00,2025-03-31T10:03:00-07:00,4196.0,3,watch,potential_manipulation,none,0.26785714285714285,True,"[""heuristic_only"", ""low_power"", ""low_support_n""]","[""heuristic""]",duplicates_near,duplicates_near (100.0%),cluster:cluster_0049:heuristic (100.0%)
cluster_0050,3,3,0,3,2025-03-29T14:23:00-07:00,2025-03-31T08:12:00-07:00,2509.0,3,watch,potential_manipulation,none,0.26785714285714285,True,"[""heuristic_only"", ""low_power"", ""low_support_n""]","[""heuristic""]",duplicates_near,duplicates_near (100.0%),cluster:cluster_0050:heuristic (100.0%)
cluster_0051,3,3,1,2,2025-03-28T18:29:00-07:00,2025-03-30T08:27:00-07:00,2278.0,3,watch,potential_manipulation,none,0.26785714285714285,True,"[""heuristic_only"", ""low_power"", ""low_support_n""]","[""heuristic""]",duplicates_near,duplicates_near (100.0%),cluster:cluster_0051:heuristic (100.0%)
cluster_0052,3,3,0,3,2025-03-28T10:18:00-07:00,2025-03-31T05:57:00-07:00,4059.0,3,watch,potential_manipulation,none,0.26785714285714285,True,"[""heuristic_only"", ""low_power"", ""low_support_n""]","[""heuristic""]",duplicates_near,duplicates_near (100.0%),cluster:cluster_0052:heuristic (100.0%)
cluster_0380,2,2,0,2,2025-03-30T20:24:00-07:00,2025-03-31T09:50:00-07:00,806.0,2,watch,potential_manipulation,none,0.2666269841269841,True,"[""heuristic_only"", ""low_power"", ""low_support_n""]","[""heuristic""]",duplicates_near,duplicates_near (100.0%),cluster:cluster_0380:heuristic (100.0%)
cluster_0267,2,2,0,2,2025-03-30T19:53:00-07:00,2025-03-31T09:27:00-07:00,814.0,2,watch,potential_manipulation,none,0.265515873015873,True,"[""heuristic_only"", ""low_power"", ""low_support_n""]","[""heuristic""]",duplicates_near,duplicates_near (100.0%),cluster:cluster_0267:heuristic (100.0%)
cluster_0334,2,2,0,2,2025-03-30T13:01:00-07:00,2025-03-31T02:37:00-07:00,816.0,2,watch,potential_manipulation,none,0.2652380952380952,True,"[""heuristic_only"", ""low_power"", ""low_support_n""]","[""heuristic""]",duplicates_near,duplicates_near (100.0%),cluster:cluster_0334:heuristic (100.0%)
cluster_0370,2,3,0,3,2025-03-30T18:25:00-07:00,2025-03-31T11:09:00-07:00,1004.0,3,watch,potential_manipulation,none,0.26412698412698415,True,"[""heuristic_only"", ""low_power"", ""low_support_n""]","[""heuristic""]",duplicates_near,duplicates_near (100.0%),cluster:cluster_0370:heuristic (100.0%)
cluster_0103,2,2,0,2,2025-03-30T21:51:00-07:00,2025-03-31T12:05:00-07:00,854.0,2,watch,potential_manipulation,none,0.25996031746031745,True,"[""heuristic_only"", ""low_power"", ""low_support_n""]","[""heuristic""]",duplicates_near,duplicates_near (100.0%),cluster:cluster_0103:heuristic (100.0%)
cluster_0328,2,2,0,2,2025-03-30T23:54:00-07:00,2025-03-31T14:17:00-07:00,863.0,2,watch,potential_manipulation,none,0.2587103174603175,True,"[""heuristic_only"", ""low_power"", ""low_support_n""]","[""heuristic""]",duplicates_near,duplicates_near (100.0%),cluster:cluster_0328:heuristic (100.0%)
cluster_0340,2,2,0,2,2025-03-30T16:05:00-07:00,2025-03-31T06:46:00-07:00,881.0,2,watch,potential_manipulation,none,0.2562103174603174,True,"[""heuristic_only"", ""low_power"", ""low_support_n""]","[""heuristic""]",duplicates_near,duplicates_near (100.0%),cluster:cluster_0340:heuristic (100.0%)
cluster_0104,2,2,0,2,2025-03-30T14:25:00-07:00,2025-03-31T05:15:00-07:00,890.0,2,watch,potential_manipulation,none,0.25496031746031744,True,"[""heuristic_only"", ""low_power"", ""low_support_n""]","[""heuristic""]",duplicates_near,duplicates_near (100.0%),cluster:cluster_0104:heuristic (100.0%)
cluster_0234,2,2,1,1,2025-03-30T20:39:00-07:00,2025-03-31T11:31:00-07:00,892.0,2,watch,potential_manipulation,none,0.2546825396825397,True,"[""heuristic_only"", ""low_power"", ""low_support_n""]","[""heuristic""]",duplicates_near,duplicates_near (100.0%),cluster:cluster_0234:heuristic (100.0%)
cluster_0087,2,5,0,5,2025-03-27T19:23:00-07:00,2025-03-29T22:35:00-07:00,3072.0,5,watch,potential_manipulation,none,0.25357142857142856,True,"[""heuristic_only"", ""low_power"", ""low_support_n""]","[""heuristic""]",duplicates_near,duplicates_near (100.0%),cluster:cluster_0087:heuristic (100.0%)
cluster_0114,2,5,0,5,2025-03-28T19:21:00-07:00,2025-03-30T10:58:00-07:00,2377.0,5,watch,potential_manipulation,none,0.25357142857142856,True,"[""heuristic_only"", ""low_power"", ""low_support_n""]","[""heuristic""]",duplicates_near,duplicates_near (100.0%),cluster:cluster_0114:heuristic (100.0%)
cluster_0136,2,5,0,5,2025-03-28T12:40:00-07:00,2025-03-30T11:13:00-07:00,2793.0,5,watch,potential_manipulation,none,0.25357142857142856,True,"[""heuristic_only"", ""low_power"", ""low_support_n""]","[""heuristic""]",duplicates_near,duplicates_near (100.0%),cluster:cluster_0136:heuristic (100.0%)
cluster_0218,2,5,0,5,2025-03-28T06:47:00-07:00,2025-03-31T08:32:00-07:00,4425.0,5,watch,potential_manipulation,none,0.25357142857142856,True,"[""heuristic_only"", ""low_power"", ""low_support_n""]","[""heuristic""]",duplicates_near,duplicates_near (100.0%),cluster:cluster_0218:heuristic (100.0%)
cluster_0225,2,5,1,4,2025-03-28T06:42:00-07:00,2025-03-29T16:16:00-07:00,2014.0,5,watch,potential_manipulation,none,0.25357142857142856,True,"[""heuristic_only"", ""low_power"", ""low_support_n""]","[""heuristic""]",duplicates_near,duplicates_near (100.0%),cluster:cluster_0225:heuristic (100.0%)
cluster_0235,2,5,0,5,2025-03-28T17:48:00-07:00,2025-03-31T04:38:00-07:00,3530.0,5,watch,potential_manipulation,none,0.25357142857142856,True,"[""heuristic_only"", ""low_power"", ""low_support_n""]","[""heuristic""]",duplicates_near,duplicates_near (100.0%),cluster:cluster_0235:heuristic (100.0%)
cluster_0240,2,5,0,4,2025-03-27T06:59:00-07:00,2025-03-31T07:45:00-07:00,5806.0,5,watch,potential_manipulation,none,0.25357142857142856,True,"[""heuristic_only"", ""low_power"", ""low_support_n""]","[""heuristic""]",duplicates_near,duplicates_near (100.0%),cluster:cluster_0240:heuristic (100.0%)
cluster_0262,2,5,0,5,2025-03-27T20:32:00-07:00,2025-03-31T11:43:00-07:00,5231.0,5,watch,potential_manipulation,none,0.25357142857142856,True,"[""heuristic_only"", ""low_power"", ""low_support_n""]","[""heuristic""]",duplicates_near,duplicates_near (100.0%),cluster:cluster_0262:heuristic (100.0%)
cluster_0263,2,5,0,5,2025-03-27T21:06:00-07:00,2025-03-31T09:44:00-07:00,5078.0,5,watch,potential_manipulation,none,0.25357142857142856,True,"[""heuristic_only"", ""low_power"", ""low_support_n""]","[""heuristic""]",duplicates_near,duplicates_near (100.0%),cluster:cluster_0263:heuristic (100.0%)
cluster_0268,2,5,0,5,2025-03-29T06:58:00-07:00,2025-03-31T06:21:00-07:00,2843.0,5,watch,potential_manipulation,none,0.25357142857142856,True,"[""heuristic_only"", ""low_power"", ""low_support_n""]","[""heuristic""]",duplicates_near,duplicates_near (100.0%),cluster:cluster_0268:heuristic (100.0%)
cluster_0314,2,5,0,5,2025-03-26T20:28:00-07:00,2025-03-28T21:12:00-07:00,2924.0,5,watch,potential_manipulation,none,0.25357142857142856,True,"[""heuristic_only"", ""low_power"", ""low_support_n""]","[""heuristic""]",duplicates_near,duplicates_near (100.0%),cluster:cluster_0314:heuristic (100.0%)
cluster_0352,2,5,0,5,2025-03-28T21:44:00-07:00,2025-03-30T19:08:00-07:00,2724.0,5,watch,potential_manipulation,none,0.25357142857142856,True,"[""heuristic_only"", ""low_power"", ""low_support_n""]","[""heuristic""]",duplicates_near,duplicates_near (100.0%),cluster:cluster_0352:heuristic (100.0%)
cluster_0387,2,5,0,5,2025-03-28T10:29:00-07:00,2025-03-31T09:30:00-07:00,4261.0,5,watch,potential_manipulation,none,0.25357142857142856,True,"[""heuristic_only"", ""low_power"", ""low_support_n""]","[""heuristic""]",duplicates_near,duplicates_near (100.0%),cluster:cluster_0387:heuristic (100.0%)
cluster_0405,2,5,0,5,2025-03-28T11:11:00-07:00,2025-03-31T10:26:00-07:00,4275.0,5,watch,potential_manipulation,none,0.25357142857142856,True,"[""heuristic_only"", ""low_power"", ""low_support_n""]","[""heuristic""]",duplicates_near,duplicates_near (100.0%),cluster:cluster_0405:heuristic (100.0%)
cluster_0406,2,5,2,3,2025-03-27T21:27:00-07:00,2025-03-29T06:56:00-07:00,2009.0,5,watch,potential_manipulation,none,0.25357142857142856,True,"[""heuristic_only"", ""low_power"", ""low_support_n""]","[""heuristic""]",duplicates_near,duplicates_near (100.0%),cluster:cluster_0406:heuristic (100.0%)
cluster_0408,2,5,0,5,2025-03-28T08:01:00-07:00,2025-03-31T14:33:00-07:00,4712.0,5,watch,potential_manipulation,none,0.25357142857142856,True,"[""heuristic_only"", ""low_power"", ""low_support_n""]","[""heuristic""]",duplicates_near,duplicates_near (100.0%),cluster:cluster_0408:heuristic (100.0%)
cluster_0420,2,5,0,5,2025-03-27T22:56:00-07:00,2025-03-31T09:14:00-07:00,4938.0,5,watch,potential_manipulation,none,0.25357142857142856,True,"[""heuristic_only"", ""low_power"", ""low_support_n""]","[""heuristic""]",duplicates_near,duplicates_near (100.0%),cluster:cluster_0420:heuristic (100.0%)
cluster_0424,2,5,0,5,2025-03-29T07:35:00-07:00,2025-03-31T14:04:00-07:00,3269.0,5,watch,potential_manipulation,none,0.25357142857142856,True,"[""heuristic_only"", ""low_power"", ""low_support_n""]","[""heuristic""]",duplicates_near,duplicates_near (100.0%),cluster:cluster_0424:heuristic (100.0%)
cluster_0475,2,5,0,5,2025-03-28T07:40:00-07:00,2025-03-31T13:59:00-07:00,4699.0,5,watch,potential_manipulation,none,0.25357142857142856,True,"[""heuristic_only"", ""low_power"", ""low_support_n""]","[""heuristic""]",duplicates_near,duplicates_near (100.0%),cluster:cluster_0475:heuristic (100.0%)
cluster_0147,2,2,1,1,2025-03-30T17:52:00-07:00,2025-03-31T09:05:00-07:00,913.0,2,watch,potential_manipulation,none,0.251765873015873,True,"[""heuristic_only"", ""low_power"", ""low_support_n""]","[""heuristic""]",duplicates_near,duplicates_near (100.0%),cluster:cluster_0147:heuristic (100.0%)
cluster_0161,2,3,0,3,2025-03-29T15:13:00-07:00,2025-03-30T09:29:00-07:00,1096.0,3,watch,potential_manipulation,none,0.2513492063492064,True,"[""heuristic_only"", ""low_power"", ""low_support_n""]","[""heuristic""]",duplicates_near,duplicates_near (100.0%),cluster:cluster_0161:heuristic (100.0%)
cluster_0057,2,2,0,2,2025-03-28T04:00:00-07:00,2025-03-28T19:36:00-07:00,936.0,2,watch,potential_manipulation,none,0.24857142857142855,True,"[""heuristic_only"", ""low_power"", ""low_support_n""]","[""heuristic""]",duplicates_near,duplicates_near (100.0%),cluster:cluster_0057:heuristic (100.0%)
cluster_0088,2,3,0,3,2025-03-30T18:33:00-07:00,2025-03-31T13:44:00-07:00,1151.0,3,watch,potential_manipulation,none,0.2437103174603175,True,"[""heuristic_only"", ""low_power"", ""low_support_n""]","[""heuristic""]",duplicates_near,duplicates_near (100.0%),cluster:cluster_0088:heuristic (100.0%)
cluster_0271,2,2,0,2,2025-03-30T14:47:00-07:00,2025-03-31T07:09:00-07:00,982.0,2,watch,potential_manipulation,none,0.2421825396825397,True,"[""heuristic_only"", ""low_power"", ""low_support_n""]","[""heuristic""]",duplicates_near,duplicates_near (100.0%),cluster:cluster_0271:heuristic (100.0%)
cluster_0337,2,2,0,2,2025-03-30T19:09:00-07:00,2025-03-31T11:33:00-07:00,984.0,2,watch,potential_manipulation,none,0.2419047619047619,True,"[""heuristic_only"", ""low_power"", ""low_support_n""]","[""heuristic""]",duplicates_near,duplicates_near (100.0%),cluster:cluster_0337:heuristic (100.0%)
cluster_0461,2,3,0,3,2025-03-30T19:19:00-07:00,2025-03-31T14:46:00-07:00,1167.0,3,watch,potential_manipulation,none,0.24148809523809522,True,"[""heuristic_only"", ""low_power"", ""low_support_n""]","[""heuristic""]",duplicates_near,duplicates_near (100.0%),cluster:cluster_0461:heuristic (100.0%)
cluster_0259,2,2,0,2,2025-03-30T20:39:00-07:00,2025-03-31T13:18:00-07:00,999.0,2,watch,potential_manipulation,none,0.23982142857142855,True,"[""heuristic_only"", ""low_power"", ""low_support_n""]","[""heuristic""]",duplicates_near,duplicates_near (100.0%),cluster:cluster_0259:heuristic (100.0%)
cluster_0442,2,2,0,2,2025-03-30T21:25:00-07:00,2025-03-31T14:09:00-07:00,1004.0,2,watch,potential_manipulation,none,0.2391269841269841,True,"[""heuristic_only"", ""low_power"", ""low_support_n""]","[""heuristic""]",duplicates_near,duplicates_near (100.0%),cluster:cluster_0442:heuristic (100.0%)
cluster_0399,2,4,0,4,2025-03-30T13:58:00-07:00,2025-03-31T12:48:00-07:00,1370.0,4,watch,potential_manipulation,none,0.23829365079365075,True,"[""heuristic_only"", ""low_power"", ""low_support_n""]","[""heuristic""]",duplicates_near,duplicates_near (100.0%),cluster:cluster_0399:heuristic (100.0%)
cluster_0239,2,2,0,2,2025-03-30T16:20:00-07:00,2025-03-31T09:26:00-07:00,1026.0,2,watch,potential_manipulation,none,0.23607142857142854,True,"[""heuristic_only"", ""low_power"", ""low_support_n""]","[""heuristic""]",duplicates_near,duplicates_near (100.0%),cluster:cluster_0239:heuristic (100.0%)
cluster_0469,2,2,0,2,2025-03-30T18:02:00-07:00,2025-03-31T11:12:00-07:00,1030.0,2,watch,potential_manipulation,none,0.23551587301587296,True,"[""heuristic_only"", ""low_power"", ""low_support_n""]","[""heuristic""]",duplicates_near,duplicates_near (100.0%),cluster:cluster_0469:heuristic (100.0%)
cluster_0108,2,2,0,2,2025-03-30T06:22:00-07:00,2025-03-30T23:40:00-07:00,1038.0,2,watch,potential_manipulation,none,0.2344047619047619,True,"[""heuristic_only"", ""low_power"", ""low_support_n""]","[""heuristic""]",duplicates_near,duplicates_near (100.0%),cluster:cluster_0108:heuristic (100.0%)
cluster_0210,2,2,0,2,2025-03-29T16:43:00-07:00,2025-03-30T10:02:00-07:00,1039.0,2,watch,potential_manipulation,none,0.23426587301587296,True,"[""heuristic_only"", ""low_power"", ""low_support_n""]","[""heuristic""]",duplicates_near,duplicates_near (100.0%),cluster:cluster_0210:heuristic (100.0%)
cluster_0329,2,2,0,2,2025-03-29T14:56:00-07:00,2025-03-30T08:19:00-07:00,1043.0,2,watch,potential_manipulation,none,0.23371031746031748,True,"[""heuristic_only"", ""low_power"", ""low_support_n""]","[""heuristic""]",duplicates_near,duplicates_near (100.0%),cluster:cluster_0329:heuristic (100.0%)
cluster_0128,2,2,0,2,2025-03-30T17:39:00-07:00,2025-03-31T11:34:00-07:00,1075.0,2,watch,potential_manipulation,none,0.22926587301587295,True,"[""heuristic_only"", ""low_power"", ""low_support_n""]","[""heuristic""]",duplicates_near,duplicates_near (100.0%),cluster:cluster_0128:heuristic (100.0%)
cluster_0193,2,2,1,1,2025-03-30T17:35:00-07:00,2025-03-31T11:30:00-07:00,1075.0,2,watch,potential_manipulation,none,0.22926587301587295,True,"[""heuristic_only"", ""low_power"", ""low_support_n""]","[""heuristic""]",duplicates_near,duplicates_near (100.0%),cluster:cluster_0193:heuristic (100.0%)
cluster_0055,2,4,0,4,2025-03-28T12:59:00-07:00,2025-03-30T18:53:00-07:00,3234.0,4,watch,potential_manipulation,none,0.22857142857142854,True,"[""heuristic_only"", ""low_power"", ""low_support_n""]","[""heuristic""]",duplicates_near,duplicates_near (100.0%),cluster:cluster_0055:heuristic (100.0%)
cluster_0056,2,4,0,4,2025-03-27T22:21:00-07:00,2025-03-31T14:28:00-07:00,5287.0,4,watch,potential_manipulation,none,0.22857142857142854,True,"[""heuristic_only"", ""low_power"", ""low_support_n""]","[""heuristic""]",duplicates_near,duplicates_near (100.0%),cluster:cluster_0056:heuristic (100.0%)
cluster_0061,2,4,0,4,2025-03-27T17:53:00-07:00,2025-03-31T14:19:00-07:00,5546.0,4,watch,potential_manipulation,none,0.22857142857142854,True,"[""heuristic_only"", ""low_power"", ""low_support_n""]","[""heuristic""]",duplicates_near,duplicates_near (100.0%),cluster:cluster_0061:heuristic (100.0%)
cluster_0064,2,4,0,4,2025-03-28T11:59:00-07:00,2025-03-30T17:48:00-07:00,3229.0,4,watch,potential_manipulation,none,0.22857142857142854,True,"[""heuristic_only"", ""low_power"", ""low_support_n""]","[""heuristic""]",duplicates_near,duplicates_near (100.0%),cluster:cluster_0064:heuristic (100.0%)
cluster_0082,2,4,0,4,2025-03-28T21:22:00-07:00,2025-03-30T07:42:00-07:00,2060.0,4,watch,potential_manipulation,none,0.22857142857142854,True,"[""heuristic_only"", ""low_power"", ""low_support_n""]","[""heuristic""]",duplicates_near,duplicates_near (100.0%),cluster:cluster_0082:heuristic (100.0%)
cluster_0127,2,4,0,4,2025-03-28T08:47:00-07:00,2025-03-30T16:28:00-07:00,3341.0,4,watch,potential_manipulation,none,0.22857142857142854,True,"[""heuristic_only"", ""low_power"", ""low_support_n""]","[""heuristic""]",duplicates_near,duplicates_near (100.0%),cluster:cluster_0127:heuristic (100.0%)
cluster_0145,2,4,2,2,2025-03-29T07:42:00-07:00,2025-03-31T12:37:00-07:00,3175.0,4,watch,potential_manipulation,none,0.22857142857142854,True,"[""heuristic_only"", ""low_power"", ""low_support_n""]","[""heuristic""]",duplicates_near,duplicates_near (100.0%),cluster:cluster_0145:heuristic (100.0%)
cluster_0158,2,4,0,4,2025-03-27T18:34:00-07:00,2025-03-31T14:26:00-07:00,5512.0,4,watch,potential_manipulation,none,0.22857142857142854,True,"[""heuristic_only"", ""low_power"", ""low_support_n""]","[""heuristic""]",duplicates_near,duplicates_near (100.0%),cluster:cluster_0158:heuristic (100.0%)
cluster_0162,2,4,0,4,2025-03-28T12:30:00-07:00,2025-03-30T21:45:00-07:00,3435.0,4,watch,potential_manipulation,none,0.22857142857142854,True,"[""heuristic_only"", ""low_power"", ""low_support_n""]","[""heuristic""]",duplicates_near,duplicates_near (100.0%),cluster:cluster_0162:heuristic (100.0%)
cluster_0171,2,4,0,4,2025-03-28T21:32:00-07:00,2025-03-30T08:21:00-07:00,2089.0,4,watch,potential_manipulation,none,0.22857142857142854,True,"[""heuristic_only"", ""low_power"", ""low_support_n""]","[""heuristic""]",duplicates_near,duplicates_near (100.0%),cluster:cluster_0171:heuristic (100.0%)
cluster_0172,2,4,0,4,2025-03-28T07:36:00-07:00,2025-03-31T09:36:00-07:00,4440.0,4,watch,potential_manipulation,none,0.22857142857142854,True,"[""heuristic_only"", ""low_power"", ""low_support_n""]","[""heuristic""]",duplicates_near,duplicates_near (100.0%),cluster:cluster_0172:heuristic (100.0%)
cluster_0183,2,4,0,4,2025-03-28T11:56:00-07:00,2025-03-31T12:00:00-07:00,4324.0,4,watch,potential_manipulation,none,0.22857142857142854,True,"[""heuristic_only"", ""low_power"", ""low_support_n""]","[""heuristic""]",duplicates_near,duplicates_near (100.0%),cluster:cluster_0183:heuristic (100.0%)
cluster_0184,2,4,0,3,2025-03-29T06:20:00-07:00,2025-03-30T20:56:00-07:00,2316.0,4,watch,potential_manipulation,none,0.22857142857142854,True,"[""heuristic_only"", ""low_power"", ""low_support_n""]","[""heuristic""]",duplicates_near,duplicates_near (100.0%),cluster:cluster_0184:heuristic (100.0%)
cluster_0189,2,4,0,4,2025-03-28T16:18:00-07:00,2025-03-31T11:55:00-07:00,4057.0,4,watch,potential_manipulation,none,0.22857142857142854,True,"[""heuristic_only"", ""low_power"", ""low_support_n""]","[""heuristic""]",duplicates_near,duplicates_near (100.0%),cluster:cluster_0189:heuristic (100.0%)
cluster_0194,2,4,0,4,2025-03-28T13:24:00-07:00,2025-03-31T08:40:00-07:00,4036.0,4,watch,potential_manipulation,none,0.22857142857142854,True,"[""heuristic_only"", ""low_power"", ""low_support_n""]","[""heuristic""]",duplicates_near,duplicates_near (100.0%),cluster:cluster_0194:heuristic (100.0%)
cluster_0200,2,4,0,4,2025-03-29T18:44:00-07:00,2025-03-31T08:32:00-07:00,2268.0,4,watch,potential_manipulation,none,0.22857142857142854,True,"[""heuristic_only"", ""low_power"", ""low_support_n""]","[""heuristic""]",duplicates_near,duplicates_near (100.0%),cluster:cluster_0200:heuristic (100.0%)
cluster_0203,2,4,0,4,2025-03-28T11:34:00-07:00,2025-03-30T08:45:00-07:00,2711.0,4,watch,potential_manipulation,none,0.22857142857142854,True,"[""heuristic_only"", ""low_power"", ""low_support_n""]","[""heuristic""]",duplicates_near,duplicates_near (100.0%),cluster:cluster_0203:heuristic (100.0%)
cluster_0217,2,4,0,4,2025-03-27T16:39:00-07:00,2025-03-31T12:59:00-07:00,5540.0,4,watch,potential_manipulation,none,0.22857142857142854,True,"[""heuristic_only"", ""low_power"", ""low_support_n""]","[""heuristic""]",duplicates_near,duplicates_near (100.0%),cluster:cluster_0217:heuristic (100.0%)
cluster_0220,2,4,2,2,2025-03-27T11:31:00-07:00,2025-03-30T10:48:00-07:00,4277.0,4,watch,potential_manipulation,none,0.22857142857142854,True,"[""heuristic_only"", ""low_power"", ""low_support_n""]","[""heuristic""]",duplicates_near,duplicates_near (100.0%),cluster:cluster_0220:heuristic (100.0%)
cluster_0233,2,4,0,4,2025-03-28T12:56:00-07:00,2025-03-30T15:05:00-07:00,3009.0,4,watch,potential_manipulation,none,0.22857142857142854,True,"[""heuristic_only"", ""low_power"", ""low_support_n""]","[""heuristic""]",duplicates_near,duplicates_near (100.0%),cluster:cluster_0233:heuristic (100.0%)
cluster_0256,2,4,0,4,2025-03-26T19:53:00-07:00,2025-03-31T14:42:00-07:00,6889.0,4,watch,potential_manipulation,none,0.22857142857142854,True,"[""heuristic_only"", ""low_power"", ""low_support_n""]","[""heuristic""]",duplicates_near,duplicates_near (100.0%),cluster:cluster_0256:heuristic (100.0%)
cluster_0257,2,4,0,4,2025-03-28T08:09:00-07:00,2025-03-31T13:13:00-07:00,4624.0,4,watch,potential_manipulation,none,0.22857142857142854,True,"[""heuristic_only"", ""low_power"", ""low_support_n""]","[""heuristic""]",duplicates_near,duplicates_near (100.0%),cluster:cluster_0257:heuristic (100.0%)
cluster_0260,2,4,0,4,2025-03-28T14:02:00-07:00,2025-03-30T01:13:00-07:00,2111.0,4,watch,potential_manipulation,none,0.22857142857142854,True,"[""heuristic_only"", ""low_power"", ""low_support_n""]","[""heuristic""]",duplicates_near,duplicates_near (100.0%),cluster:cluster_0260:heuristic (100.0%)
cluster_0293,2,4,0,4,2025-03-27T19:27:00-07:00,2025-03-31T08:09:00-07:00,5082.0,4,watch,potential_manipulation,none,0.22857142857142854,True,"[""heuristic_only"", ""low_power"", ""low_support_n""]","[""heuristic""]",duplicates_near,duplicates_near (100.0%),cluster:cluster_0293:heuristic (100.0%)
cluster_0315,2,4,0,4,2025-03-28T09:11:00-07:00,2025-03-30T21:07:00-07:00,3596.0,4,watch,potential_manipulation,none,0.22857142857142854,True,"[""heuristic_only"", ""low_power"", ""low_support_n""]","[""heuristic""]",duplicates_near,duplicates_near (100.0%),cluster:cluster_0315:heuristic (100.0%)
cluster_0326,2,4,1,3,2025-03-27T12:25:00-07:00,2025-03-28T21:52:00-07:00,2007.0,4,watch,potential_manipulation,none,0.22857142857142854,True,"[""heuristic_only"", ""low_power"", ""low_support_n""]","[""heuristic""]",duplicates_near,duplicates_near (100.0%),cluster:cluster_0326:heuristic (100.0%)
cluster_0349,2,4,1,3,2025-03-28T04:20:00-07:00,2025-03-31T12:27:00-07:00,4807.0,4,watch,potential_manipulation,none,0.22857142857142854,True,"[""heuristic_only"", ""low_power"", ""low_support_n""]","[""heuristic""]",duplicates_near,duplicates_near (100.0%),cluster:cluster_0349:heuristic (100.0%)
cluster_0359,2,4,0,4,2025-03-29T17:38:00-07:00,2025-03-30T20:01:00-07:00,1583.0,4,watch,potential_manipulation,none,0.22857142857142854,True,"[""heuristic_only"", ""low_power"", ""low_support_n""]","[""heuristic""]",duplicates_near,duplicates_near (100.0%),cluster:cluster_0359:heuristic (100.0%)
cluster_0364,2,4,0,4,2025-03-27T20:34:00-07:00,2025-03-31T14:16:00-07:00,5382.0,4,watch,potential_manipulation,none,0.22857142857142854,True,"[""heuristic_only"", ""low_power"", ""low_support_n""]","[""heuristic""]",duplicates_near,duplicates_near (100.0%),cluster:cluster_0364:heuristic (100.0%)
cluster_0365,2,4,0,4,2025-03-27T19:07:00-07:00,2025-03-30T18:31:00-07:00,4284.0,4,watch,potential_manipulation,none,0.22857142857142854,True,"[""heuristic_only"", ""low_power"", ""low_support_n""]","[""heuristic""]",duplicates_near,duplicates_near (100.0%),cluster:cluster_0365:heuristic (100.0%)
cluster_0385,2,4,0,4,2025-03-29T18:18:00-07:00,2025-03-31T13:09:00-07:00,2571.0,4,watch,potential_manipulation,none,0.22857142857142854,True,"[""heuristic_only"", ""low_power"", ""low_support_n""]","[""heuristic""]",duplicates_near,duplicates_near (100.0%),cluster:cluster_0385:heuristic (100.0%)
cluster_0392,2,4,1,3,2025-03-28T17:03:00-07:00,2025-03-29T20:04:00-07:00,1621.0,4,watch,potential_manipulation,none,0.22857142857142854,True,"[""heuristic_only"", ""low_power"", ""low_support_n""]","[""heuristic""]",duplicates_near,duplicates_near (100.0%),cluster:cluster_0392:heuristic (100.0%)
cluster_0415,2,4,0,4,2025-03-28T06:09:00-07:00,2025-03-31T12:12:00-07:00,4683.0,4,watch,potential_manipulation,none,0.22857142857142854,True,"[""heuristic_only"", ""low_power"", ""low_support_n""]","[""heuristic""]",duplicates_near,duplicates_near (100.0%),cluster:cluster_0415:heuristic (100.0%)
cluster_0468,2,4,0,4,2025-03-27T19:12:00-07:00,2025-03-31T11:17:00-07:00,5285.0,4,watch,potential_manipulation,none,0.22857142857142854,True,"[""heuristic_only"", ""low_power"", ""low_support_n""]","[""heuristic""]",duplicates_near,duplicates_near (100.0%),cluster:cluster_0468:heuristic (100.0%)
cluster_0476,2,4,0,4,2025-03-30T11:39:00-07:00,2025-03-31T14:39:00-07:00,1620.0,4,watch,potential_manipulation,none,0.22857142857142854,True,"[""heuristic_only"", ""low_power"", ""low_support_n""]","[""heuristic""]",duplicates_near,duplicates_near (100.0%),cluster:cluster_0476:heuristic (100.0%)
cluster_0327,2,2,0,2,2025-03-30T20:24:00-07:00,2025-03-31T14:33:00-07:00,1089.0,2,watch,potential_manipulation,none,0.22732142857142854,True,"[""heuristic_only"", ""low_power"", ""low_support_n""]","[""heuristic""]",duplicates_near,duplicates_near (100.0%),cluster:cluster_0327:heuristic (100.0%)
cluster_0407,2,3,0,3,2025-03-30T17:18:00-07:00,2025-03-31T14:29:00-07:00,1271.0,3,watch,potential_manipulation,none,0.2270436507936508,True,"[""heuristic_only"", ""low_power"", ""low_support_n""]","[""heuristic""]",duplicates_near,duplicates_near (100.0%),cluster:cluster_0407:heuristic (100.0%)
cluster_0102,2,2,0,2,2025-03-30T20:14:00-07:00,2025-03-31T14:35:00-07:00,1101.0,2,watch,potential_manipulation,none,0.22565476190476189,True,"[""heuristic_only"", ""low_power"", ""low_support_n""]","[""heuristic""]",duplicates_near,duplicates_near (100.0%),cluster:cluster_0102:heuristic (100.0%)
cluster_0309,2,3,0,3,2025-03-29T22:03:00-07:00,2025-03-30T19:47:00-07:00,1304.0,3,watch,potential_manipulation,none,0.22246031746031747,True,"[""heuristic_only"", ""low_power"", ""low_support_n""]","[""heuristic""]",duplicates_near,duplicates_near (100.0%),cluster:cluster_0309:heuristic (100.0%)
cluster_0096,2,2,0,2,2025-03-30T18:34:00-07:00,2025-03-31T13:36:00-07:00,1142.0,2,watch,potential_manipulation,none,0.21996031746031747,True,"[""heuristic_only"", ""low_power"", ""low_support_n""]","[""heuristic""]",duplicates_near,duplicates_near (100.0%),cluster:cluster_0096:heuristic (100.0%)
cluster_0302,2,2,0,2,2025-03-30T16:28:00-07:00,2025-03-31T11:39:00-07:00,1151.0,2,watch,potential_manipulation,none,0.21871031746031747,True,"[""heuristic_only"", ""low_power"", ""low_support_n""]","[""heuristic""]",duplicates_near,duplicates_near (100.0%),cluster:cluster_0302:heuristic (100.0%)
cluster_0241,2,2,0,2,2025-03-30T17:05:00-07:00,2025-03-31T12:22:00-07:00,1157.0,2,watch,potential_manipulation,none,0.21787698412698409,True,"[""heuristic_only"", ""low_power"", ""low_support_n""]","[""heuristic""]",duplicates_near,duplicates_near (100.0%),cluster:cluster_0241:heuristic (100.0%)
cluster_0434,2,2,0,2,2025-03-30T10:54:00-07:00,2025-03-31T06:28:00-07:00,1174.0,2,watch,potential_manipulation,none,0.215515873015873,True,"[""heuristic_only"", ""low_power"", ""low_support_n""]","[""heuristic""]",duplicates_near,duplicates_near (100.0%),cluster:cluster_0434:heuristic (100.0%)
